2100000,财经
2200000,参考消息
2200001,齐鲁壹点
2200002,绿松鼠
2200003,巨丰投顾
2200004,长江号外
2200005,第一财经
2200006,上游新闻
2200007,新民晚报
2200008,界面
2200009,中国商报
2200010,国际在线
2200011,华龙网
2200012,长沙晚报掌上长沙
2200013,中国报道
2200014,TechWeb
2200015,新浪网
2200016,国际金融报
2200017,新华网客户端
2200018,每日经济新闻
2200019,新浪体育
2200020,经济日报
2200021,一财网
2200022,齐鲁晚报齐鲁壹点
2200023,樱桃说房子
2200024,天眼新闻
2200025,中国电力报
2200026,中国新闻周刊
2200027,大猫财经
2200028,中国经济时报
2200029,山西新闻网
2200030,中国东盟报道
2200031,北京日报客户端
2200032,中国网财经
2200033,环球网
2200034,四川观察
2200035,中国政府网
2200036,闪电新闻
2200037,智通财经APP
2200038,顶端新闻
2200039,金台资讯
2200040,无冕财经
2200041,慧声说房
2200042,中华工商网
2200043,中国经济网
2200044,杭州日报
2200045,消费研究所
2200046,银保监会
2200047,新京报官微
2200048,东南网
2200049,中国妇女
2200050,西宁晚报
2200051,交汇点客户端
2200052,中华儿女
2200053,新浪财经综合
2200054,澎湃新闻
2200055,中国网
2200056,每日旅游新闻
2200057,纵相新闻
2200058,财联社
2200059,人民雄安网
2200060,青海日报
2200061,央视
2200062,新华社图片
2200063,广州日报
2200064,金融时报
2200065,大众日报
2200066,中国日报网
2200067,南方新闻网
2200068,大众网
2200069,新华网
2200070,阿尔法工场
2200071,北京青年报
2200072,鲁网
2200073,中国发展网
2200074,中国经济周刊
2200075,界面新闻
2200076,新浪科技
2200077,中国证券报-中证网
2200078,看看新闻Knews
2200079,环球时报
2200080,直播港澳台
2200081,汽车公社
2200082,上观
2200083,映象网
2200084,人民邮电报
2200085,中国青年网
2200086,中国网直播
2200087,中国慈善家
2200088,荆楚网
2200089,观察者网
2200090,群众新闻
2200091,新华社
2200092,e公司
2200093,新京报网
2200094,记者论坛
2200095,环球时报评论
2200096,大摩财经
2200097,红星深度
2200098,华声在线
2200099,汇通网
2200100,市值风云
2200101,红星资本局
2200102,中国商务新闻网
2200103,诗与星空财报
2200104,中央纪委国家监委网站
2200105,格隆汇APP
2200106,中国证券网
2200107,商学院
2200108,环球时报国际
2200109,海报新闻
2200110,人民日报人民文旅
2200111,国家外汇管理局网站
2200112,黄河新闻网
2200113,北京时间财经
2200114,河北新闻网
2200115,人民日报
2200116,聪明投资者
2200117,中国新闻网
2200118,海峡导报
2200119,中国社会科学网
2200120,中国警察网
2200121,FX168
2200122,广西新闻网
2200123,人民日报数字传播
2200124,深链财经
2200125,虹新闻
2200126,中新经纬APP
2200127,人民网
2200128,中国证券报
2200129,宁夏日报
2200130,中国基金报
2200131,大河网
2200132,齐鲁晚报网
2200133,新华社客户端
2200134,央视财经
2200135,沈阳晚报
2200136,金十数据
2200137,环球时报汽车周刊
2200138,新浪高尔夫
2200139,极点商业
2200140,人民资讯
2200141,新京报贝壳财经
2200142,新浪基金
2200143,品途商业评论
2200144,吉林卫视
2200145,中工网
2200146,中国网地产
2200147,中关村在线
2200148,新浪乐居
2200149,时代周报
2200150,中国妇女报
2200151,同花顺
2200152,云南网
2200153,证券日报
2200154,《中国外汇》
2200155,中国网三农
2200156,兰州晚报
2200157,江西网络广播电视台
2200158,中国青年报
2200159,央视网新闻
2200160,天津卫视
2200161,河南日报客户端
2200162,津云客户端
2200163,证券时报e公司
2200164,36氪
2200165,数据宝
2200166,扬子晚报网
2200167,金融界
2200168,CCTV4
2200169,新京报书评周刊
2200170,北晚新视觉网
2200171,长江云
2200172,扬子晚报
2200173,杭州网
2200174,内蒙古日报
2200175,快科技2018
2200176,市界
2200177,证券日报 
2200178,华夏时报
2200179,新华社新媒体
2200180,皮海洲
2200181,证券时报网
2200182,中国侨网
2200183,东北新闻网
2200184,贝果财经
2200185,环球旅行
2200186,深圳特区报
2200187,科技日报
2200188,哈尔滨新闻网
2200189,秦朔朋友圈
2200190,钱江晚报
2200191,浙江日报
2200192,牛弹琴
2200193,羊城派
2200194,海南日报
2200195,新浪港股
2200196,财经涂鸦
2200197,快科技
2200198,中国山东网
2200199,蓝鲸财经
2200200,兰州日报
2200201,中国日报
2200202,人民网新电商研究院
2200203,中国网科技
2200204,经济观察报
2200205,中证报
2200206,新浪财经
2200207,《财经》杂志
2200208,国家发改委网站
2200209,中国吉林网
2200210,新浪美股
2200211,第一财经杂志
2200212,红星新闻
2200213,未眼观察
2200214,光明日报
2200215,红网
2200216,同花顺财经
2200217,参考消息
2200218,华舆
2200219,人民日报海外网
2200220,南方前沿
2200221,AI财经
2200222,人民论坛网
2200223,湖北之声FM1046
2200224,江苏新闻
2200225,红星资本局
2200226,第一财经YiMagazine
2200227,DT财经
2200228,农视网
2200229,新华社国际
2200230,央广网
2200231,新浪时尚
2200232,中新经纬
2200233,《财经》新媒体
2200234,国家统计局网站
2200235,长江日报
2200236,21世纪经济报道
2200237,投资时报
2200238,每日甘肃
2200239,苋伎萍纪
2200240,中国搜索
2200241,CBNData消费站
2200242,工人日报
2200243,盒饭财经
2200244,消费日报网
2200245,观点地产网
2200246,西安晚报官方账号
2200247,辽宁日报
2200248,川观新闻SCOL
2200249,东方网东方智库
2200250,砺石商业评论
2200251,投资者网
2200252,中国江苏网
2200253,求是网
2200254,央行
2200255,投资时报公众号
2200256,重庆日报
2200257,光明网
2200258,券商中国
2200259,新京报
2200260,上海证券报 
2200261,封面新闻
2200262,理财帮
2200263,大河客户端
2200264,新浪数码
2200265,吉林日报
2200266,吴晓波频道
2200267,新华视点
2200268,财经网
2200269,CNMO
2200270,中国甘肃网
2200271,山西广播电视台融媒体
2200272,河南人客户端
2200273,南方大观察
2200274,发改委网站
2200275,斑马消费
2200276,长城网
2200277,东北网
2200278,新浪财经-自媒体综合
2200279,上观新闻
2200280,总财
2200281,中国江西网
3000000,指数
9000000,股票占位符
9000001,股票占位符2
